day,sampled_posts,matched_posts,mention_rate,heat_index
2026/3/21,43,2,0.046512,17.6009
2026/3/22,41,2,0.04878,18.2325
2026/3/23,66,3,0.045455,19.1122
2026/3/24,48,2,0.041667,16.2159
2026/3/25,70,3,0.042857,18.2686
2026/3/26,50,2,0.04,15.7273
2026/3/27,44,2,0.045455,17.303
2026/3/28,36,1,0.027778,10.0303
2026/3/29,32,0,0,0
2026/3/30,45,0,0,0
2026/3/31,57,1,0.017544,7.1236
2026/4/1,55,0,0,0
2026/4/2,68,1,0.014706,6.2266
2026/4/3,59,2,0.033898,13.8791
2026/4/4,56,1,0.017857,7.2197
2026/4/5,61,2,0.032787,13.5316
2026/4/6,96,2,0.020833,9.5306
2026/4/7,85,2,0.023529,10.4808
2026/4/8,96,4,0.041667,19.0613
2026/4/9,143,3,0.020979,10.4262
2026/4/10,196,15,0.076531,40.4327
2026/4/11,223,22,0.098655,53.3884
2026/4/12,392,18,0.045918,27.4308
2026/4/13,570,25,0.04386,27.8394
2026/4/14,729,25,0.034294,22.6099
2026/4/15,1058,32,0.030246,21.0664
2026/4/16,408,17,0.041667,25.0571
2026/4/17,294,20,0.068027,38.6869
2026/4/18,334,26,0.077844,45.2597
2026/4/19,143,7,0.048951,24.3278
